<?xml version="1.0" encoding="UTF-8"?>
<!DOCTYPE hibernate-configuration PUBLIC
		"-//Hibernate/Hibernate Configuration DTD 3.0//EN"
		"http://www.hibernate.org/dtd/hibernate-configuration-3.0.dtd">
<hibernate-configuration>
	<session-factory>
		<property name="hibernate.connection.driver_class">com.microsoft.sqlserver.jdbc.SQLServerDriver</property>
		<property name="hibernate.connection.url">jdbc:sqlserver://127.0.0.1:1433;DatabaseName=Project</property>
		<property name="hibernate.connection.username">sa</property>
		<property name="hibernate.connection.password">sa123456</property>

		<property name="hibernate.dialect">org.hibernate.dialect.SQLServerDialect</property>
		<property name="hibernate.show_sql">true</property>
		<property name="hibernate.cache.provider_class">org.hibernate.transaction.JDBCTransactionFactory</property>
		<property name="hibernate.current_session_context_class">thread</property>
		<mapping resource="g05_customer/checkout/controller/OrdDetailBean.hbm.xml" />
		<mapping resource="g05_customer/checkout/controller/ProdOrderBean.hbm.xml" />
		<mapping resource="g05_customer/shoppingCar/controller/ProductBean.hbm.xml" />
	</session-factory>
</hibernate-configuration>
