<?xml version="1.0" encoding="UTF-8" ?>
<!DOCTYPE struts PUBLIC
	"-//Apache Software Foundation//DTD Struts Configuration 2.3//EN"
	"http://struts.apache.org/dtds/struts-2.3.dtd">
<struts>

	<package name="aaa" namespace="/" extends="struts-default" >
		<action name="checkDetail" class="g05_customer.checkout.controller.CheckDetailServlet">
			<result name="xxx">/g05_customer/checkout/success.jsp</result>
			<result name="input" >/g05_customer/checkout/checkDetail.jsp</result>
		</action>
	</package>

</struts>
