<?xml version="1.0"?>
<!DOCTYPE hibernate-mapping PUBLIC "-//Hibernate/Hibernate Mapping DTD 3.0//EN"
"http://hibernate.sourceforge.net/hibernate-mapping-3.0.dtd">
<!-- Generated 2016/2/1 ?W?? 09:41:09 by Hibernate Tools 3.5.0.Final -->
<hibernate-mapping>

    <class name="g05_customer.checkout.controller.ProdOrderBean" table="prod_order">

        <id name="ord_id" type="int">
            <column name="ord_id" />
            <generator class="identity" />
        </id>
        <set name="detailBean" table="prod_order_Test" inverse="false" lazy="true">
            <key>
                <column name="ord_id" />
            </key>
            <one-to-many class="g05_customer.checkout.controller.OrdDetailBean" />
        </set>
        
        <property name="mem_id" >
            <column name="mem_id" />
        </property>
        
        
        <property name="addressee" type="java.lang.String">
            <column name="ADDRESSEE" />
        </property>
        <property name="zip_code" type="int">
            <column name="zip_code" />
        </property>
        <property name="address" type="java.lang.String">
            <column name="ADDRESS" />
        </property>
        <property name="phone" type="int">
            <column name="PHONE" />
        </property>
        <property name="sender" type="java.lang.String">
            <column name="SENDER" />
        </property>
        <property name="sender_address" type="java.lang.String">
            <column name="SENDER_ADDRESS" />
        </property>
        <property name="zip_code_sen" type="int">
            <column name="zip_code_sen" />
        </property>
        <property name="sender_phone" type="int">
            <column name="SENDER_PHONE" />
        </property>
        <property name="payment" type="java.lang.String">
            <column name="PAYMENT" />
        </property>
<!--         <property name="payment_status" type="java.lang.String"> -->
<!--             <column name="PAYMENT_STATUS" /> -->
<!--         </property> -->
<!--         <property name="ord_date" type="java.util.Date"> -->
<!--             <column name="ORD_DATE" /> -->
<!--         </property> -->
        <property name="total" type="int">
            <column name="TOTAL" />
        </property>
        <property name="total_point" type="int">
            <column name="TOTAL_POINT" />
        </property>
    </class>
</hibernate-mapping>
